player_id,teamID,nameFirst,nameLast,score
cabrm001,DET,Miguel,Cabrera,377.68
goldp001,ARI,Paul,Goldschmidt,349.07000000000005
troum001,LAA,Mike,Trout,347.8
canor001,NYA,Robinson,Cano,323.91999999999996
vottj001,CIN,Joey,Votto,317.49
belta001,TEX,Adrian,Beltre,311.7
fielp001,DET,Prince,Fielder,306.65
mccua001,PIT,Andrew,McCutchen,306.11
carpm002,SLN,Matt,Carpenter,304.91
encae001,TOR,Edwin,Encarnacion,302.81
ortid001,BOS,David,Ortiz,301.41
freef001,ATL,Freddie,Freeman,298.99
donaj001,OAK,Josh,Donaldson,298.74
pedrd001,BOS,Dustin,Pedroia,297.05
pench001,SFN,Hunter,Pence,293.62000000000006
jonea003,BAL,Adam,Jones,290.5
choos001,CIN,Shin-Soo,Choo,287.65999999999997
brucj001,CIN,Jay,Bruce,282.05
hollm001,SLN,Matt,Holliday,280.64
longe001,TBA,Evan,Longoria,279.75000000000006
martv001,DET,Victor,Martinez,274.87000000000006
gonza003,LAN,Adrian,Gonzalez,274.67
hosme001,KCA,Eric,Hosmer,273.21000000000004
butlb003,KCA,Billy,Butler,271.15
kipnj001,CLE,Jason,Kipnis,267.26000000000005
zobrb001,TBA,Ben,Zobrist,265.98
santc002,CLE,Carlos,Santana,263.87999999999994
pradm001,ARI,Martin,Prado,263.49
murpd006,NYN,Daniel,Murphy,261.44
lowrj001,OAK,Jed,Lowrie,261.13
huntt001,DET,Torii,Hunter,260.25000000000006
philb001,CIN,Brandon,Phillips,259.22
gorda001,KCA,Alex,Gordon,258.95000000000005
morak001,SEA,Kendrys,Morales,257.85
seagk001,SEA,Kyle,Seager,256.93
beltc001,SLN,Carlos,Beltran,254.95
rizza001,CHN,Anthony,Rizzo,254.17999999999998
craia001,SLN,Allen,Craig,254.17
wertj001,WAS,Jayson,Werth,252.92000000000002
zimmr001,WAS,Ryan,Zimmerman,252.53
trumm001,LAA,Mark,Trumbo,251.96
machm001,BAL,Manny,Machado,251.60999999999999
desmi001,WAS,Ian,Desmond,250.65999999999997
poseb001,SFN,Buster,Posey,250.53
uptoj001,ATL,Justin,Upton,246.37
tulot001,COL,Troy,Tulowitzki,245.87
lucrj001,MIL,Jonathan,Lucroy,245.52
hardj003,BAL,"J. J.",Hardy,244.28
ellsj001,BOS,Jacoby,Ellsbury,242.94
lonej001,TBA,James,Loney,241.07000000000002
kinsi001,TEX,Ian,Kinsler,240.97
moliy001,SLN,Yadier,Molina,240.88
gomec002,MIL,Carlos,Gomez,239.54
markn001,BAL,Nick,Markakis,239.36
napom001,BOS,Mike,Napoli,238.49
andre001,TEX,Elvis,Andrus,237.20999999999998
alvap001,PIT,Pedro,Alvarez,236.98
branm003,CLE,Michael,Brantley,235.01999999999998
sandp001,SFN,Pablo,Sandoval,234.66
crisc001,OAK,Coco,Crisp,232.86
bautj002,TOR,Jose,Bautista,230.12
beltb001,SFN,Brandon,Belt,229.23
browd004,PHI,Domonic,Brown,229.12
deaza001,CHA,Alejandro,"De Aza",228.57999999999996
hamij003,LAA,Josh,Hamilton,228.07
simma001,ATL,Andrelton,Simmons,226.37
seguj002,MIL,Jean,Segura,223.79999999999998
spand001,WAS,Denard,Span,222.88
utlec001,PHI,Chase,Utley,222.06
navad002,BOS,Daniel,Nava,222.04999999999998
altuj001,HOU,Jose,Altuve,220.77999999999997
parrg001,ARI,Gerardo,Parra,219.3
mossb001,OAK,Brandon,Moss,219.02
wrigd002,NYN,David,Wright,218.92999999999998
johnc003,ATL,Chris,Johnson,218.73
linda001,TOR,Adam,Lind,218.37
dozib001,MIN,Brian,Dozier,218.29
peres002,KCA,Salvador,Perez,216.43
frazt001,CIN,Todd,Frazier,215.24
victs001,BOS,Shane,Victorino,214.46
gardb001,NYA,Brett,Gardner,213.09999999999997
jennd002,TBA,Desmond,Jennings,211.64
wietm001,BAL,Matt,Wieters,211.54000000000002
cartc002,HOU,Chris,Carter,211.54
domim001,HOU,Matt,Dominguez,211.15
cespy001,OAK,Yoenis,Cespedes,210.25
jacka001,DET,Austin,Jackson,209.71999999999997
mauej001,MIN,Joe,Mauer,209.34
mornj001,MIN,Justin,Morneau,207.82999999999998
ethia001,LAN,Andre,Ethier,207.35000000000002
rollj001,PHI,Jimmy,Rollins,206.89999999999998
harpb003,WAS,Bryce,Harper,205.37999999999997
gonzc001,COL,Carlos,Gonzalez,204.97000000000003
headc001,SDN,Chase,Headley,204.60999999999996
escoy001,TBA,Yunel,Escobar,202.61999999999998
walkn001,PIT,Neil,Walker,201.77
stanm004,MIA,Giancarlo,Stanton,200.73999999999998
cozaz001,CIN,Zack,Cozart,200.06
piera001,TEX,"A. J.",Pierzynski,199.35999999999999
mclon001,BAL,Nate,McLouth,199.17
casts001,CHN,Starlin,Castro,199.07999999999998
cruzn002,TEX,Nelson,Cruz,195.47000000000003
rosaw001,COL,Wilin,Rosario,195.09
schin001,CHN,Nate,Schierholtz,194.5
cabra002,CLE,Asdrubal,Cabrera,192.93
drews001,BOS,Stephen,Drew,192.53
kendh001,LAA,Howie,Kendrick,192.09
byrdm001,NYN,Marlon,Byrd,191.40999999999997
infao001,DET,Omar,Infante,191.12
venaw001,SDN,Will,Venable,189.9
marts002,PIT,Starling,Marte,189.83999999999997
scutm001,SFN,Marco,Scutaro,189.70999999999998
castj006,HOU,Jason,Castro,189.59
ibanr001,SEA,Raul,Ibanez,188.57
gyorj001,SDN,Jedd,Gyorko,188.38
freed001,SLN,David,Freese,187.74
doumr001,MIN,Ryan,Doumit,186.52
rasmc001,TOR,Colby,Rasmus,184.26
smoaj001,SEA,Justin,Smoak,182.51999999999998
pujoa001,LAA,Albert,Pujols,182.34
escoa003,KCA,Alcides,Escobar,181.61
saltj001,BOS,Jarrod,Saltalamacchia,181.48
puigy001,LAN,Yasiel,Puig,180.32
arenn001,COL,Nolan,Arenado,179.35
bourm001,CLE,Michael,Bourn,179.28000000000003
konep001,CHA,Paul,Konerko,178.67
younm003,PHI,Michael,Young,178.57999999999998
ramih003,LAN,Hanley,Ramirez,178.23999999999998
riosa002,CHA,Alex,Rios,177.52999999999997
fowld001,COL,Dexter,Fowler,177.17999999999998
peraj001,DET,Jhonny,Peralta,176.98000000000002
martr004,PIT,Russell,Martin,175.67
plout001,MIN,Trevor,Plouffe,174.45000000000002
crawb001,SFN,Brandon,Crawford,174.1
joycm001,TBA,Matthew,Joyce,173.04
vicid001,CHA,Dayan,Viciedo,169.35
heltt001,COL,Todd,Helton,167.78
uggld001,ATL,Dan,Uggla,167.17
blang001,SFN,Gregor,Blanco,166.32999999999998
mccab002,ATL,Brian,McCann,166.07999999999998
polla001,ARI,"A. J.",Pollock,163.68
ellim001,LAN,Mark,Ellis,162.88
uribj002,LAN,Juan,Uribe,161.66
heywj001,ATL,Jason,Heyward,160.06999999999996
reyej001,TOR,Jose,Reyes,160.04999999999998
willj004,MIN,Josh,Willingham,159.5
crawc002,LAN,Carl,Crawford,159.49999999999997
mousm001,KCA,Mike,Moustakas,158.11999999999998
dirka001,DET,Andy,Dirks,157.47
saunm001,SEA,Michael,Saunders,157.13
reddj001,OAK,Josh,Reddick,156.92000000000002
lawrb002,TOR,Brett,Lawrie,156.37
ellia001,LAN,"A. J.",Ellis,155.72
gatte001,ATL,Evan,Gattis,155.72
ruggj001,MIA,Justin,Ruggiano,155.27999999999997
myerw001,TBA,Wil,Myers,153.5
hecha001,MIA,Adeiny,Hechavarria,152.88000000000002
ramia001,MIL,Aramis,Ramirez,150.87
cabre001,SDN,Everth,Cabrera,150.23
gillc001,CHA,Conor,Gillaspie,149.42000000000002
wellv001,NYA,Vernon,Wells,148.48000000000002
stubd001,CLE,Drew,Stubbs,147.47
hilla001,ARI,Aaron,Hill,146.46999999999997
castw002,CHN,Welington,Castillo,144.35999999999999
cainl001,KCA,Lorenzo,Cain,144.15999999999997
johnk003,TBA,Kelly,Johnson,143.99
alony001,SDN,Yonder,Alonso,142.60999999999999
soria001,CHN,Alfonso,Soriano,141.17000000000002
buckj001,NYN,John,Buck,140.69
smits002,OAK,Seth,Smith,139.54999999999998
keppj001,CHA,Jeff,Keppinger,139.27
iannc001,LAA,Chris,Iannetta,138.73000000000002
quenc001,SDN,Carlos,Quentin,138.17
sogae001,OAK,Eric,Sogard,137.31
renda001,WAS,Anthony,Rendon,135.49
valbl001,CHN,Luis,Valbuena,135.45
ramow001,WAS,Wilson,Ramos,135
adamm002,SLN,Matt,Adams,134.8
avilm001,CLE,Mike,Aviles,134.59
lemad001,COL,DJ,LeMahieu,133.46
hundn001,SDN,Nick,Hundley,132.48
dudal001,NYN,Lucas,Duda,131.82
ackld001,SEA,Dustin,Ackley,131.6
gregd001,ARI,Didi,Gregorius,131.34
beckg001,CHA,Gordon,Beckham,130.41000000000003
youne003,NYN,Eric,Young,129.31
florp001,MIN,Pedro,Florimon,129.15
gomey001,CLE,Yan,Gomes,128.24
tabaj002,PIT,Jose,Tabata,127.84999999999998
avila001,DET,Alex,Avila,127.58
mercj002,PIT,Jordy,Mercer,127.04999999999998
middw001,BOS,Will,Middlebrooks,126.95
arcio001,MIN,Oswaldo,Arcia,126.58
reynm001,CLE,Mark,Reynolds,126.55
polap001,MIA,Placido,Polanco,126
barnb002,HOU,Brandon,Barnes,125.13
betay001,MIL,Yuniesky,Betancourt,123.78999999999999
sancg001,PIT,Gaby,Sanchez,123.36
cabrm002,TOR,Melky,Cabrera,122.95
solad001,MIA,Donovan,Solano,122.92000000000002
maybj001,PHI,John,Mayberry,122.40999999999998
millb002,SEA,Brad,Miller,121.64
calla001,LAA,Alberto,Callaspo,120.8
lagaj001,NYN,Juan,Lagares,120.25
iztum001,TOR,Maicer,Izturis,119.47
morrl001,MIA,Logan,Morrison,119.38
younc004,OAK,Chris,Young,118.55
davir003,TOR,Rajai,Davis,118.21
kozmp001,SLN,Pete,Kozma,117.91000000000001
howar001,PHI,Ryan,Howard,117.88
mesod001,CIN,Devin,Mesoraco,117.34
lougd001,KCA,David,Lough,117.08999999999999
navad001,CHN,Dioner,Navarro,115.18999999999998
lucae001,MIA,Ed,Lucas,113.81
pagaa001,SFN,Angel,Pagan,113.64
weekr001,MIL,Rickie,Weeks,113.53
dejed001,CHN,David,DeJesus,110.63
soria001,NYA,Alfonso,Soriano,110.58999999999999
chave001,ARI,Eric,Chavez,110.57
robeb003,BAL,Brian,Roberts,110.46
scotl001,TBA,Luke,Scott,110.24
norrd001,OAK,Derek,Norris,110.22999999999999
braur002,MIL,Ryan,Braun,109.41
nunee002,NYA,Eduardo,Nunez,109.34
reveb001,PHI,Ben,Revere,107.5
berkl001,TEX,Lance,Berkman,106.35
lobaj001,TBA,Jose,Lobaton,106.24000000000001
ruf-d001,PHI,Darin,Ruf,105.79
guzmj005,SDN,Jesus,Guzman,103.75999999999999
chisl001,CLE,Lonnie,Chisenhall,103.32
kempm001,LAN,Matt,Kemp,102.14999999999999
hafnt001,NYA,Travis,Hafner,101.1
schal001,MIL,Logan,Schafer,100.88999999999999
uptob001,ATL,Melvin,Upton,100.56
blank002,SDN,Kyle,Blanks,100.44
ozunm001,MIA,Marcell,Ozuna,99.35
parmc001,MIN,Chris,Parmelee,98.72999999999999
puntn001,LAN,Nick,Punto,98.25999999999999
quino001,NYN,Omar,Quintanilla,97.61
penac001,HOU,Carlos,Pena,97.20999999999998
profj001,TEX,Jurickson,Profar,96.93999999999998
yound003,PHI,Delmon,Young,96.91
stewc001,NYA,Chris,Stewart,96.65
martj006,HOU,"J. D.",Martinez,96.46
blacc001,COL,Charlie,Blackmon,95.55
morsm001,SEA,Mike,Morse,95.08999999999999
yelic001,MIA,Christian,Yelich,92.63999999999999
wallb001,HOU,Brett,Wallace,92.49
derom001,TOR,Mark,DeRosa,91.99
calhk001,LAA,Kole,Calhoun,91.85
kawam001,TOR,Munenori,Kawasaki,91.80999999999999
frank001,PHI,Kevin,Frandsen,91.69
jasoj001,OAK,John,Jaso,91.01
rutlj001,COL,Josh,Rutledge,90.62
paulx001,CIN,Xavier,Paul,90.19
lombs002,WAS,Steve,Lombardozzi,89.94999999999999
franj005,MIL,Juan,Francisco,89
eatoa002,ARI,Adam,Eaton,88.93
iglej001,BOS,Jose,Iglesias,88.66
grosr001,HOU,Robbie,Grossman,87.52
nix-j001,NYA,Jayson,Nix,87.33
pierj002,MIA,Juan,Pierre,87.25
torra001,SFN,Andres,Torres,87.02
suzuk001,WAS,Kurt,Suzuki,86.07999999999998
pennc001,ARI,Cliff,Pennington,85.19
hicka001,MIN,Aaron,Hicks,84.43999999999998
penab002,DET,Brayan,Pena,84.39999999999999
molij001,TBA,Jose,Molina,82.85999999999999
barmc001,PIT,Clint,Barmes,81.97
schaj002,ATL,Jordan,Schafer,81.57000000000001
congh001,LAA,Hank,Conger,81.40999999999998
dobbg001,MIA,Greg,Dobbs,80.6
riosa002,TEX,Alex,Rios,80.52999999999999
lakej001,CHN,Junior,Lake,80.14999999999998
dysoj001,KCA,Jarrod,Dyson,79.80000000000001
kubej002,ARI,Jason,Kubel,79.31
heisc001,CIN,Chris,Heisey,78.78999999999999
hanir001,CIN,Ryan,Hanigan,78.03999999999999
chave002,SEA,Endy,Chavez,77.73
sweer001,CHN,Ryan,Sweeney,77.25999999999999
satij001,NYN,Josh,Satin,76.86999999999999
frein001,OAK,Nate,Freiman,76.49
pachj001,COL,Jordan,Pacheco,75.98
thomc002,MIN,Clete,Thomas,75.57
tuiam001,DET,Matt,Tuiasosopo,74.92999999999999
granc001,NYA,Curtis,Granderson,74.17999999999999
davik003,MIL,Khris,Davis,74.07999999999998
dietd001,MIA,Derek,Dietrich,73.80000000000001
bay-j001,SEA,Jason,Bay,73.34
dickc002,COL,Corey,Dickerson,73.33999999999999
giamj001,CLE,Jason,Giambi,73.05999999999999
bakej001,TEX,Jeff,Baker,72.80999999999999
valed001,BAL,Danny,Valencia,72.49999999999999
herrj002,COL,Jonathan,Herrera,72.05999999999999
bonie001,TOR,Emilio,Bonifacio,71.84
rodrs002,TBA,Sean,Rodriguez,71.82999999999998
nievw001,ARI,Wil,Nieves,71.58
calla001,OAK,Alberto,Callaspo,71.00999999999999
bianj001,MIL,Jeff,Bianchi,70.99
ariaj001,SFN,Joaquin,Arias,70.92999999999999
flowt001,CHA,Tyler,Flowers,69.93999999999998
turnj001,NYN,Justin,Turner,69.6
forsl001,SDN,Logan,Forsythe,69.53
getzc001,KCA,Chris,Getz,69.41
galvf001,PHI,Freddy,Galvis,68.56
rodra001,NYA,Alex,Rodriguez,66.3
hairj002,LAN,Jerry,Hairston,66.08
murpd004,CHN,Donnie,Murphy,65.99000000000001
sotog001,TEX,Geovany,Soto,65.74
santr002,DET,Ramon,Santiago,64.4
garca003,CHA,Avisail,Garcia,63.41999999999999
corpc001,HOU,Carlos,Corporan,62.28
coghc001,MIA,Chris,Coghlan,62.160000000000004
bourp001,LAA,Peter,Bourjos,61.83
ransc001,CHN,Cody,Ransom,61.53
aschc001,PHI,Cody,Asche,61.44
tejam001,KCA,Miguel,Tejada,59.96
villj001,HOU,Jonathan,Villar,59.5
vanss001,LAN,Scott,"Van Slyke",58.89
bonie001,KCA,Emilio,Bonifacio,58.199999999999996
gutif001,SEA,Franklin,Gutierrez,58.05
browa003,NYN,Andrew,Brown,57.790000000000006
hoesl001,HOU,"L. J.",Hoes,57.699999999999996
torry001,COL,Yorvit,Torrealba,57.589999999999996
gonzm002,HOU,Marwin,Gonzalez,57.129999999999995
robid002,CIN,Derrick,Robinson,56.91
gindc001,MIL,Caleb,Gindl,56.81999999999999
bloow001,ARI,Willie,Bloomquist,55.51
rober002,TBA,Ryan,Roberts,54.31999999999999
zunim001,SEA,Mike,Zunino,53.86000000000001
pears001,BAL,Steve,Pearce,52.1
dankj002,CHA,Jordan,Danks,51.599999999999994
colac001,MIN,Chris,Colabello,51.19
herrc001,MIN,Chris,Herrmann,50.8
lairg001,ATL,Gerald,Laird,50.629999999999995
byrdm001,PIT,Marlon,Byrd,49.81
vogts001,OAK,Stephen,Vogt,49.5
crowt001,HOU,Trevor,Crowe,49.46
abret001,SFN,Tony,Abreu,48.73
sanch002,SFN,Hector,Sanchez,48.28000000000001
fedet001,LAN,Tim,Federowicz,47.519999999999996
hannj001,CIN,Jack,Hannahan,47.32
greeg002,LAA,Grant,Green,47.25
sierm001,TOR,Moises,Sierra,47.120000000000005
youne003,COL,Eric,Young,47
bartd001,OAK,Daric,Barton,46.870000000000005
reynm001,NYA,Mark,Reynolds,45.989999999999995
maxwj002,KCA,Justin,Maxwell,45.83
gosea001,TOR,Anthony,Gose,45.6
maxwj002,HOU,Justin,Maxwell,43.279999999999994
iglej001,DET,Jose,Iglesias,43.16
valdj002,NYN,Jordany,Valdespin,41.65
kottg001,KCA,George,Kottaras,41.419999999999995
ludwr001,CIN,Ryan,Ludwick,41.28
johnr008,ATL,Reed,Johnson,40.82
kraum001,HOU,Marc,Krauss,40.79
hairs001,CHN,Scott,Hairston,40.72
kotsm001,SDN,Mark,Kotsay,40.56999999999999
presa001,MIN,Alex,Presley,40.44
hernc005,PHI,Cesar,Hernandez,40.37
dejed001,TBA,David,DeJesus,39.77
penar002,ATL,Ramiro,Pena,39.61
ceder002,SDN,Ronny,Cedeno,39.45
halts002,MIL,Sean,Halton,39.16
nelsc001,LAA,Chris,Nelson,38.699999999999996
iztuc001,CIN,Cesar,Izturis,38.58
pintj001,MIN,Josmil,Pinto,38.339999999999996
mckem001,PIT,Michael,McKenry,37.809999999999995
ceder002,HOU,Ronny,Cedeno,37.73
baxtm001,NYN,Mike,Baxter,37.58
culbc001,COL,Charlie,Culberson,37.16
adamd001,NYA,David,Adams,37.13
franj005,ATL,Juan,Francisco,36.83
grany001,SDN,Yasmani,Grandal,36.77
reimn001,BAL,Nolan,Reimold,35.94
tracc001,WAS,Chad,Tracy,35.8
romia002,NYA,Austin,Romine,35.559999999999995
casia001,BAL,Alexi,Casilla,35.239999999999995
bernr001,WAS,Roger,Bernadina,34.67
cruzt002,SLN,Tony,Cruz,34.64
johne002,KCA,Elliot,Johnson,34.599999999999994
johne002,ATL,Elliot,Johnson,34.44
dickc001,BAL,Chris,Dickerson,33.89
nieuk001,NYN,Kirk,Nieuwenhuis,33.65
youkk001,NYA,Kevin,Youkilis,33.6
lavar001,BOS,Ryan,Lavarnway,33.6
espid001,WAS,Danny,Espinosa,33.1
shopk001,SEA,Kelly,Shoppach,32.51
davim005,ARI,Matt,Davidson,32.459999999999994
almoz001,NYA,Zoilo,Almonte,31.75
tholj001,TOR,Josh,Thole,31.409999999999997
pillb001,SFN,Brett,Pill,31.17
pillk001,TOR,Kevin,Pillar,30.99
bradj001,BOS,Jackie,Bradley,30.78
harrb001,LAA,Brendan,Harris,30.729999999999997
gordd002,LAN,Dee,Gordon,30.63
montj003,SEA,Jesus,Montero,30.52
perej002,SFN,Juan,Perez,29.48
florw001,NYN,Wilmer,Flores,29
mornj001,PIT,Justin,Morneau,28.52
borbj001,CHN,Julio,Borbon,28.419999999999998
darnt001,NYN,Travis,d'Arnaud,27.59
cowgc001,LAA,Collin,Cowgill,27.53
almoa001,SEA,Abraham,Almonte,27.49
blanh001,SEA,Henry,Blanco,27.419999999999998
garca003,DET,Avisail,Garcia,27.169999999999998
yound003,TBA,Delmon,Young,26.75
jimel002,LAA,Luis,Jimenez,26.630000000000003
parej002,HOU,Jimmy,Paredes,26.48
nix-l001,PHI,Laynce,Nix,25.89
ramiw001,MIN,Wilkin,Ramirez,24.740000000000002
gimeh001,CHA,Hector,Gimenez,24.590000000000003
holtb002,BOS,Brock,Holt,24.28
quinh001,PHI,Humberto,Quintero,24.099999999999998
noonn001,SFN,Nick,Noonan,23.97
olivm001,MIA,Miguel,Olivo,23.94
marij002,MIA,Jake,Marisnick,23.599999999999998
lairb001,HOU,Brandon,Laird,23.580000000000002
gonza002,MIL,Alex,Gonzalez,23.35
terdj001,ATL,Joey,Terdoslavich,23.020000000000003
boesb001,NYA,Brennan,Boesch,22.51
quirg001,SFN,Guillermo,Quiroz,22.19
owinc001,ARI,Chris,Owings,21.97
valac001,MIA,Chris,Valaika,21.56
bernr001,PHI,Roger,Bernadina,21.240000000000002
kiesr001,SFN,Roger,Kieschnick,21.17
cruzl001,LAN,Luis,Cruz,20.630000000000003
semim001,CHA,Marcus,Semien,20.520000000000003
cirip001,SDN,Pedro,Ciriaco,20.38
sanct001,PIT,Tony,Sanchez,20.360000000000003
river003,SDN,Rene,Rivera,20.22
ingeb001,PIT,Brandon,Inge,19.93
presa001,PIT,Alex,Presley,19.58
sappd001,CHN,Dave,Sappelt,19.25
duncs001,TBA,Shelley,Duncan,19.23
bernd001,MIN,Doug,Bernier,18.689999999999998
younm003,LAN,Michael,Young,18.18
colvt001,COL,Tyler,Colvin,18.03
lutzd001,CIN,Donald,Lutz,18.03
quinh001,SEA,Humberto,Quintero,17.99
nelsc001,COL,Chris,Nelson,17.8
hairs001,WAS,Scott,Hairston,17.63
cirip001,BOS,Pedro,Ciriaco,16.91
cowgc001,NYN,Collin,Cowgill,16.9
brigr001,COL,Reid,Brignac,16.79
gillc002,CHN,Cole,Gillespie,16.66
andir001,SEA,Robert,Andino,16.23
dendm001,NYN,Matt,"den Dekker",15.74
sellj002,LAN,Justin,Sellers,15.35
hinse001,ARI,Eric,Hinske,15.22
campt001,ARI,Tony,Campana,14.71
snydb003,BOS,Brandon,Snyder,14.57
urruh001,BAL,Henry,Urrutia,14.05
mastd002,MIN,Darin,Mastroianni,13.520000000000001
greet004,CHA,Tyler,Greene,13.49
wheer001,COL,Ryan,Wheeler,12.5
teagt001,BAL,Taylor,Teagarden,12.16
marta005,ARI,Alfredo,Marte,12.08
carsm001,CLE,Matt,Carson,11.32
wiggt001,SLN,Ty,Wigginton,10.760000000000002
belte002,TEX,Engel,Beltre,9.8
tekob001,CHA,Blake,Tekotte,9.110000000000001
kobej001,WAS,Jeff,Kobernus,8.98
wongk001,SLN,Kolten,Wong,8.51
franb001,NYA,Ben,Francisco,8.22
pastt001,ATL,Tyler,Pastornicky,8.129999999999999
solaj002,WAS,Jhonatan,Solano,7.859999999999999
consj001,ATL,Jose,Constanza,7.029999999999999
watkl001,CHN,Logan,Watkins,6.7299999999999995
fuenr001,SDN,Reymond,Fuentes,4.62
chama002,SLN,Adron,Chambers,4.04
pie-f001,PIT,Felix,Pie,3.4800000000000004
peteb002,SLN,Brock,Peterson,2.44
